/*USE cliffHangerClimbingGyms;
GO
INSERT INTO Zipcode VALUES ('40018', 'Louisville', 'KY')
INSERT INTO Zipcode VALUES ('44112', 'Cleveland', 'OH')
INSERT INTO Zipcode VALUES ('44115', 'Cleveland', 'OH')
INSERT INTO Zipcode VALUES ('44122', 'Cleveland', 'OH')
INSERT INTO Zipcode VALUES ('44130', 'Cleveland', 'OH')
INSERT INTO Zipcode VALUES ('49684', 'Traverse City', 'MI')
INSERT INTO Zipcode VALUES ('49686', 'Traverse City', 'MI')
INSERT INTO Zipcode VALUES ('54545', 'San Francisco', 'CA')
INSERT INTO Zipcode VALUES ('94107', 'San Francisco', 'CA')

SELECT * FROM Zipcode;*/
/*
INSERT INTO Inventory VALUES (1, 'Annual Membership', 0.00, 800.00)
INSERT INTO Inventory VALUES (2, 'Day Pass', 0.00, 22.00)
INSERT INTO Inventory VALUES (3, '10 Punch Pass', 0.00, 200.00)
INSERT INTO Inventory VALUES (4, 'Shoe Rental', 0.00, 8.00)
INSERT INTO Inventory VALUES (5, 'Harness Rental', 0.00, 8.00)
INSERT INTO Inventory VALUES (6, 'Clif Bar', 1.00, 3.00)
INSERT INTO Inventory VALUES (7, 'Chalk Bag', 10.00, 30.00)*/


/*SELECT * FROM Inventory;

INSERT INTO Customers VALUES (1001, 'Joe', 'Paul', '49684', '231-345-5678', 'jpaul@gmail.com', 'Yes', 'Yes')
INSERT INTO Customers VALUES (1002, 'Theo', 'Isaacs', '44130', '216-567-7865', 'tisaacs@yahoo.com', 'No', 'No')
INSERT INTO Customers VALUES (1003, 'Stephanie', 'Jones', '94107', '440-456-1234', 'sjones@gmail.com', 'No', 'No')
INSERT INTO Customers VALUES (1004, 'Alex', 'Nunnari', '40018', '546-214-9505', 'anunnari@gmail.com', 'Yes', 'Yes')
INSERT INTO Customers VALUES (1005, 'Kate', 'Edwards', '44112', '330-678-9876', 'kedwards@hotmail.com', 'Yes', 'No')

SELECT * FROM Customers;

INSERT INTO Gyms VALUES (1, 'Climb High', '54545', '206-456-3434', 47)
INSERT INTO Gyms VALUES (2, 'Elev8', '49686', '231-600-7260', 69)
INSERT INTO Gyms VALUES (3, 'Shaker Rocks', '44122', '216-848-0460', 109)
INSERT INTO Gyms VALUES (4, 'Nosotros', '44115', '216-512-1841', 44)
INSERT INTO Gyms VALUES (5, 'Hold Tight', '54545', '502-234-5678', 87)

SELECT * FROM Gyms;

INSERT INTO Sales VALUES (1, '1/23/2021', 1, 1005)
INSERT INTO Sales VALUES (2, '2/2/2021', 4, 1002)
INSERT INTO Sales VALUES (3, '2/16/2021', 2, 1002)
INSERT INTO Sales VALUES (4, '3/4/2021', 3, 1004)
INSERT INTO Sales VALUES (5, '3/12/2021', 5, 1005)
INSERT INTO Sales VALUES (6, '4/21/2021', 5, 1001)

INSERT INTO Employees VALUES(123, 'Nick', 'Smith', 2, 'Front Desk')
INSERT INTO Employees VALUES(124, 'Theo', 'Isaacs', 3, 'Setter')
INSERT INTO Employees VALUES(125, 'Stephanie', 'Jones', 5, 'Instructor')
INSERT INTO Employees VALUES(126, 'Steve', 'Sheppard', 1, 'Manager')
INSERT INTO Employees VALUES(127, 'Alex', 'Nunnari', 4, 'Setter')
INSERT INTO Employees VALUES(128, 'Claire', 'Turk', 3, 'Instructor')

INSERT INTO GymRoutes VALUES(101, 1, 'Lead', '5.10', 'Blue', 126, '2/14/2021')
INSERT INTO GymRoutes VALUES(201, 2, 'Top-Rope', '5.11-', 'Yellow', 124, '3/16/2021')
INSERT INTO GymRoutes VALUES(301, 3, 'Boulder', 'V3', 'Red', 125, '4/30/2021')
INSERT INTO GymRoutes VALUES(202, 2, 'Boulder', 'V6', 'Blck', 124, '1/23/2021')
INSERT INTO GymRoutes VALUES(401, 4, 'Lead', '5.8+', 'Orange', 127, '2/2/2021')
INSERT INTO GymRoutes VALUES(501, 5, 'Boulder', 'V7', 'Blue', 128, '7/6/2021')
INSERT INTO SalesDetails VALUES(1,3,6,2)
INSERT INTO SalesDetails VALUES(2,2,7,5)
INSERT INTO SalesDetails VALUES(3,6,4,3)
INSERT INTO SalesDetails VALUES(4,6,2,1)
INSERT INTO SalesDetails VALUES(5,4,2,1)
INSERT INTO SalesDetails VALUES(6,1,2,1)
INSERT INTO SalesDetails VALUES(7,4,2,2)
INSERT INTO SalesDetails VALUES(8,1,1,1)


SELECT * FROM SalesDetails;
*/